{"document":{"pageListHeight":110,"pageListCollapsed":0},"72434F00-BFC5-4906-82C7-971253B248AC":{"scrollOrigin":"{407, 182}","zoomValue":1.041642584006349},"3808C433-C5AA-474C-922B-D814244E801F":{"scrollOrigin":"{82.174892512343334, 132.74907365418716}","zoomValue":0.3928659651982174}}